ID,Session
1,10

2,10

3,10

4,10

5,10

6,10

7,10

8,10

9,10

10,10

11,10

12,10

13,10

14,10

15,10

16,10

17,10

18,10

19,10

20,10

21,10

22,10

23,10

24,10

25,10

26,10

27,10

28,10

29,10

30,10

31,10

32,10

33,10

34,10

35,10

36,10

ID,Session
1,11

2,11

3,11

4,11

5,11

6,11

7,11

8,11

9,11

10,11

11,11

12,11

13,11

14,11

15,11

16,11

17,11

18,11

19,11

20,11

21,11

22,11

23,11

24,11

25,11

26,11

27,11

28,11

29,11

30,11

31,11

32,11

33,11

34,11

35,11

36,11

37,11

38,11

39,11

40,11

41,11

42,11

43,11

44,11

45,11

46,11

47,11

48,11

49,11

50,11

51,11

52,11

53,11

54,11

55,11

56,11

57,11

58,11

59,11

60,11

61,11

62,11

63,11

64,11

65,11

66,11

67,11

68,11

69,11

70,11

71,11

72,11

73,11

74,11

75,11

76,11

77,11

78,11

79,11

80,11

81,11

82,11

83,11

84,11

85,11

86,11

87,11

88,11

89,11

90,11

91,11

92,11

93,11

94,11

95,11

96,11

97,11

98,11

99,11

100,11

101,11

102,11

103,11

104,11

105,11

106,11

107,11

108,11

109,11

110,11

111,11

112,11

113,11

114,11

115,11

116,11

117,11

118,11

119,11

120,11

121,11

122,11

123,11

124,11

125,11

126,11

127,11

128,11

129,11

130,11

131,11

132,11

133,11

134,11

135,11

136,11

137,11

138,11

139,11

140,11

141,11

142,11

143,11

144,11

145,11

146,11

147,11

148,11

149,11

150,11

151,11

152,11

153,11

154,11

155,11

156,11

157,11

158,11

159,11

160,11

161,11

162,11

163,11

164,11

165,11

166,11

167,11

168,11

169,11

170,11

171,11

172,11

173,11

174,11

175,11

176,11

177,11

178,11

179,11

180,11

181,11

182,11

183,11

184,11

185,11

186,11

187,11

188,11

189,11

190,11

191,11

192,11

ID,Session
1,12

2,12

3,12

4,12

5,12

6,12

7,12

8,12

9,12

10,12

11,12

12,12

13,12

14,12

15,12

16,12

17,12

18,12

19,12

20,12

21,12

22,12

23,12

24,12

25,12

26,12

27,12

28,12

29,12

30,12

31,12

32,12

33,12

34,12

35,12

36,12

37,12

38,12

39,12

40,12

41,12

42,12

43,12

44,12

45,12

46,12

47,12

48,12

49,12

50,12

51,12

52,12

53,12

54,12

55,12

56,12

57,12

58,12

59,12

60,12

61,12

62,12

63,12

64,12

65,12

66,12

67,12

68,12

69,12

70,12

71,12

72,12

73,12

74,12

75,12

76,12

77,12

78,12

79,12

ID,Session
1,13

2,13

3,13

4,13

5,13

6,13

7,13

8,13

9,13

10,13

11,13

12,13

13,13

14,13

15,13

16,13

17,13

18,13

19,13

20,13

21,13

22,13

23,13

24,13

25,13

26,13

27,13

28,13

29,13

30,13

31,13

32,13

33,13

34,13

35,13

36,13

37,13

38,13

39,13

40,13

41,13

42,13

43,13

44,13

45,13

46,13

47,13

48,13

49,13

50,13

51,13

52,13

53,13

54,13

55,13

56,13

57,13

58,13

59,13

60,13

61,13

62,13

63,13

64,13

65,13

66,13

67,13

68,13

69,13

70,13

71,13

72,13

73,13

74,13

75,13

76,13

77,13

78,13

79,13

80,13

81,13

82,13

83,13

84,13

85,13

86,13

87,13

88,13

89,13

90,13

91,13

92,13

93,13

94,13

95,13

96,13

97,13

98,13

99,13

100,13

101,13

102,13

103,13

104,13

105,13

106,13

107,13

ID,Session
1,14

2,14

3,14

4,14

5,14

6,14

7,14

8,14

9,14

10,14

11,14

12,14

13,14

14,14

15,14

16,14

17,14

18,14

19,14

20,14

21,14

22,14

23,14

24,14

25,14

26,14

27,14

28,14

29,14

30,14

31,14

32,14

33,14

34,14

35,14

36,14

37,14

38,14

39,14

40,14

41,14

42,14

43,14

44,14

45,14

46,14

47,14

48,14

49,14

50,14

51,14

52,14

53,14

54,14

55,14

56,14

57,14

58,14

59,14

60,14

61,14

62,14

63,14

64,14

65,14

66,14

67,14

68,14

69,14

70,14

71,14

72,14

ID,Session
1,15

2,15

3,15

4,15

5,15

6,15

7,15

8,15

9,15

10,15

11,15

12,15

13,15

14,15

15,15

16,15

17,15

18,15

19,15

20,15

21,15

22,15

23,15

24,15

25,15

26,15

27,15

28,15

29,15

30,15

31,15

32,15

33,15

34,15

35,15

36,15

37,15

38,15

39,15

40,15

41,15

42,15

43,15

44,15

45,15

46,15

47,15

48,15

49,15

50,15

51,15

52,15

53,15

54,15

55,15

56,15

57,15

58,15

59,15

60,15

61,15

62,15

63,15

64,15

65,15

66,15

67,15

68,15

69,15

70,15

ID,Session
1,52

2,52

3,52

4,52

5,52

6,52

7,52

8,52

9,52

10,52

11,52

12,52

13,52

14,52

15,52

16,52

17,52

18,52

19,52

20,52

21,52

22,52

23,52

24,52

25,52

26,52

ID,Session
1,53

2,53

3,53

4,53

5,53

6,53

7,53

8,53

9,53

10,53

11,53

12,53

13,53

14,53

15,53

16,53

17,53

18,53

19,53

20,53

21,53

22,53

23,53

24,53

25,53

26,53

27,53

28,53

29,53

30,53

31,53

32,53

33,53

34,53

35,53

36,53

37,53

38,53

39,53

40,53

41,53

42,53

43,53

44,53

45,53

46,53

47,53

48,53

49,53

50,53

51,53

52,53

53,53

54,53

ID,Session
1,65

2,65

3,65

4,65

5,65

6,65

7,65

8,65

9,65

10,65

11,65

12,65

13,65

14,65

15,65

16,65

17,65

18,65

19,65

20,65

21,65

22,65

23,65

24,65

25,65

26,65

27,65

28,65

29,65

30,65

ID,Session
1,66

2,66

3,66

4,66

5,66

6,66

7,66

8,66

9,66

10,66

11,66

12,66

13,66

14,66

15,66

16,66

17,66

18,66

19,66

20,66

21,66

22,66

23,66

24,66

25,66

26,66

27,66

28,66

29,66

30,66

31,66

32,66

33,66

34,66

35,66

36,66

37,66

38,66

39,66

40,66

41,66

42,66

43,66

44,66

45,66

46,66

47,66

48,66

49,66

50,66

51,66

52,66

53,66

54,66

55,66

56,66

57,66

58,66

59,66

60,66

61,66

62,66

63,66

64,66

65,66

66,66

67,66

68,66

69,66

70,66

71,66

72,66

73,66

74,66

75,66

76,66

77,66

78,66

79,66

80,66

81,66

82,66

83,66

84,66

85,66

86,66

87,66

88,66

89,66

90,66

91,66

92,66

93,66

94,66

95,66

96,66

97,66

98,66

99,66

100,66

101,66

102,66

103,66

104,66

105,66

106,66

107,66

108,66

109,66

110,66

111,66

112,66

113,66

114,66

115,66

116,66

117,66

118,66

119,66

120,66

121,66

122,66

123,66

124,66

125,66

126,66

127,66

128,66

129,66

130,66

131,66

132,66

133,66

134,66

135,66

136,66

137,66

138,66

139,66

140,66

141,66

142,66

143,66

144,66

145,66

146,66

147,66

148,66

149,66

150,66

151,66

152,66

153,66

154,66

155,66

156,66

157,66

158,66

159,66

160,66

161,66

162,66

163,66

164,66

165,66

166,66

167,66

168,66

169,66

170,66

171,66

172,66

173,66

174,66

175,66

176,66

177,66

178,66

179,66

180,66

181,66

182,66

183,66

184,66

185,66

186,66

187,66

188,66

189,66

190,66

191,66

192,66

193,66

194,66

195,66

196,66

197,66

198,66

199,66

200,66

201,66

202,66

203,66

204,66

205,66

206,66

207,66

208,66

209,66

210,66

211,66

212,66

213,66

214,66

215,66

216,66

217,66

218,66

219,66

220,66

221,66

222,66

223,66

224,66

225,66

226,66

227,66

228,66

229,66

230,66

231,66

232,66

233,66

234,66

235,66

236,66

237,66

238,66

239,66

240,66

241,66

242,66

243,66

244,66

245,66

246,66

247,66

248,66

249,66

250,66

251,66

252,66

253,66

254,66

255,66

256,66

257,66

258,66

259,66

260,66

261,66

262,66

263,66

264,66

265,66

266,66

267,66

268,66

269,66

270,66

271,66

272,66

273,66

274,66

275,66

276,66

277,66

278,66

279,66

280,66

281,66

282,66

283,66

284,66

285,66

286,66

287,66

288,66

289,66

290,66

291,66

292,66

293,66

294,66

295,66

296,66

297,66

298,66

299,66

300,66

301,66

302,66

303,66

304,66

305,66

306,66

307,66

308,66

309,66

310,66

311,66

312,66

313,66

314,66

315,66

316,66

317,66

318,66

319,66

ID,Session
1,67

2,67

3,67

4,67

5,67

6,67

7,67

8,67

9,67

10,67

11,67

12,67

13,67

14,67

15,67

16,67

17,67

18,67

19,67

20,67

21,67

22,67

23,67

24,67

25,67

26,67

27,67

28,67

29,67

30,67

31,67

32,67

33,67

34,67

35,67

36,67

37,67

38,67

39,67

40,67

41,67

42,67

43,67

44,67

45,67

46,67

47,67

48,67

49,67

50,67

51,67

52,67

53,67

54,67

55,67

56,67

57,67

58,67

59,67

60,67

61,67

62,67

63,67

64,67

65,67

66,67

67,67

68,67

69,67

70,67

71,67

72,67

73,67

74,67

75,67

76,67

77,67

78,67

79,67

80,67

81,67

82,67

83,67

84,67

85,67

86,67

87,67

88,67

89,67

90,67

91,67

92,67

93,67

94,67

95,67

96,67

97,67

98,67

99,67

100,67

101,67

102,67

103,67

104,67

105,67

106,67

107,67

108,67

109,67

110,67

111,67

112,67

113,67

114,67

115,67

116,67

117,67

118,67

119,67

120,67

121,67

122,67

123,67

124,67

125,67

126,67

127,67

128,67

129,67

130,67

131,67

132,67

133,67

134,67

135,67

136,67

137,67

138,67

139,67

ID,Session
1,72

2,72

3,72

4,72

5,72

6,72

7,72

8,72

9,72

10,72

11,72

12,72

13,72

14,72

15,72

16,72

17,72

18,72

19,72

20,72

21,72

22,72

23,72

24,72

25,72

26,72

27,72

28,72

29,72

30,72

31,72

32,72

33,72

34,72

35,72

36,72

37,72

38,72

39,72

40,72

41,72

42,72

43,72

44,72

45,72

46,72

47,72

48,72

49,72

50,72

51,72

52,72

53,72

54,72

55,72

56,72

57,72

58,72

59,72

60,72

61,72

62,72

63,72

64,72

65,72

66,72

67,72

68,72

69,72

70,72

71,72

72,72

73,72

74,72

75,72

76,72

77,72

78,72

79,72

80,72

81,72

82,72

83,72

84,72

85,72

86,72

87,72

88,72

89,72

90,72

91,72

92,72

93,72

94,72

95,72

96,72

97,72

98,72

99,72

100,72

101,72

102,72

103,72

104,72

105,72

106,72

107,72

108,72

ID,Session
1,73

2,73

3,73

4,73

5,73

6,73

ID,Session
1,74

2,74

3,74

4,74

5,74

6,74

ID,Session
1,75

2,75

3,75

4,75

5,75

6,75

7,75

8,75

9,75

10,75

11,75

12,75

13,75

14,75

15,75

16,75

17,75

18,75

19,75

20,75

21,75

22,75

23,75

24,75

ID,Session
1,76

2,76

3,76

4,76

5,76

6,76

7,76

8,76

9,76

10,76

11,76

12,76

13,76

14,76

15,76

16,76

17,76

18,76

19,76

20,76

21,76

22,76

23,76

24,76

25,76

26,76

27,76

28,76

29,76

30,76

31,76

32,76

33,76

34,76

35,76

36,76

37,76

38,76

39,76

40,76

41,76

42,76

43,76

44,76

45,76

46,76

47,76

48,76

49,76

ID,Session
1,77

2,77

3,77

4,77

5,77

6,77

7,77

8,77

9,77

10,77

11,77

12,77

13,77

14,77

15,77

16,77

17,77

18,77

19,77

20,77

21,77

22,77

23,77

24,77

25,77

26,77

27,77

28,77

29,77

30,77

31,77

32,77

33,77

34,77

35,77

36,77

37,77

38,77

39,77

40,77

41,77

42,77

43,77

44,77

45,77

46,77

47,77

48,77

49,77

50,77

51,77

52,77

53,77

54,77

55,77

56,77

57,77

58,77

59,77

60,77

61,77

62,77

63,77

64,77

65,77

66,77

67,77

68,77

69,77

70,77

71,77

72,77

73,77

74,77

ID,Session
1,78

2,78

3,78

4,78

5,78

6,78

7,78

8,78

9,78

10,78

11,78

12,78

13,78

14,78

15,78

16,78

17,78

18,78

19,78

20,78

21,78

22,78

23,78

24,78

25,78

26,78

27,78

28,78

29,78

30,78

31,78

32,78

33,78

34,78

35,78

36,78

37,78

38,78

39,78

40,78

41,78

42,78

43,78

44,78

45,78

46,78

47,78

48,78

49,78

50,78

51,78

52,78

53,78

54,78

55,78

56,78

57,78

58,78

59,78

60,78

61,78

62,78

63,78

64,78

65,78

66,78

67,78

68,78

69,78

70,78

71,78

72,78

73,78

74,78

75,78

76,78

77,78

78,78

79,78

80,78

81,78

82,78

83,78

84,78

85,78

86,78

87,78

88,78

89,78

90,78

91,78

92,78

93,78

94,78

95,78

96,78

97,78

98,78

99,78

100,78

101,78

102,78

103,78

104,78

105,78

106,78

107,78

108,78

109,78

110,78

111,78

112,78

113,78

114,78

115,78

116,78

117,78

118,78

119,78

120,78

121,78

122,78

123,78

124,78

125,78

126,78

127,78

128,78

129,78

130,78

131,78

132,78

133,78

134,78

135,78

136,78

137,78

138,78

139,78

140,78

141,78

142,78

143,78

144,78

145,78

146,78

147,78

148,78

149,78

150,78

151,78

152,78

153,78

154,78

155,78

156,78

157,78

158,78

159,78

160,78

161,78

162,78

163,78

164,78

165,78

166,78

167,78

168,78

169,78

170,78

171,78

172,78

173,78

174,78

175,78

176,78

177,78

178,78

179,78

180,78

181,78

182,78

183,78

184,78

185,78

186,78

187,78

188,78

189,78

190,78

191,78

192,78

193,78

194,78

195,78

196,78

197,78

198,78

199,78

200,78

201,78

202,78

203,78

204,78

205,78

206,78

207,78

208,78

209,78

210,78

211,78

212,78

213,78

214,78

215,78

216,78

217,78

218,78

219,78

220,78

221,78

222,78

223,78

224,78

225,78

226,78

ID,Session
1,79

2,79

3,79

4,79

5,79

6,79

7,79

8,79

9,79

10,79

11,79

12,79

13,79

14,79

15,79

16,79

17,79

18,79

19,79

20,79

21,79

22,79

23,79

24,79

25,79

26,79

27,79

28,79

29,79

30,79

31,79

32,79

33,79

34,79

35,79

36,79

37,79

38,79

39,79

40,79

41,79

42,79

43,79

44,79

45,79

46,79

47,79

48,79

49,79

50,79

51,79

52,79

53,79

54,79

55,79

56,79

57,79

58,79

59,79

60,79

61,79

62,79

63,79

64,79

65,79

66,79

67,79

68,79

69,79

70,79

71,79

72,79

73,79

74,79

75,79

76,79

77,79

78,79

79,79

80,79

81,79

82,79

83,79

84,79

85,79

86,79

87,79

88,79

89,79

90,79

91,79

92,79

93,79

94,79

95,79

96,79

97,79

98,79

99,79

100,79

101,79

102,79

103,79

104,79

105,79

106,79

107,79

108,79

109,79

110,79

111,79

112,79

113,79

114,79

115,79

116,79

117,79

118,79

119,79

120,79

121,79

122,79

123,79

124,79

125,79

126,79

127,79

128,79

129,79

130,79

131,79

132,79

133,79

134,79

135,79

136,79

137,79

138,79

139,79

140,79

141,79

142,79

143,79

144,79

145,79

146,79

147,79

148,79

149,79

150,79

151,79

152,79

153,79

154,79

155,79

156,79

157,79

158,79

159,79

160,79

161,79

162,79

163,79

164,79

165,79

166,79

167,79

168,79

169,79

170,79

171,79

172,79

173,79

174,79

175,79

176,79

177,79

178,79

179,79

180,79

181,79

182,79

183,79

184,79

185,79

186,79

187,79

188,79

189,79

190,79

191,79

192,79

193,79

194,79

195,79

196,79

197,79

198,79

199,79

200,79

201,79

202,79

203,79

204,79

205,79

206,79

207,79

208,79

209,79

210,79

211,79

212,79

213,79

214,79

215,79

216,79

217,79

218,79

219,79

220,79

221,79

222,79

223,79

224,79

225,79

226,79

227,79

228,79

229,79

230,79

231,79

232,79

233,79

234,79

235,79

236,79

237,79

238,79

239,79

240,79

241,79

242,79

243,79

244,79

245,79

246,79

247,79

248,79

249,79

250,79

251,79

252,79

253,79

254,79

255,79

256,79

257,79

258,79

259,79

260,79

261,79

262,79

263,79

264,79

265,79

266,79

267,79

268,79

269,79

270,79

271,79

272,79

273,79

274,79

275,79

276,79

277,79

278,79

279,79

280,79

281,79

ID,Session
1,80

2,80

3,80

4,80

5,80

6,80

7,80

8,80

9,80

10,80

11,80

12,80

13,80

14,80

15,80

16,80

17,80

18,80

19,80

20,80

21,80

22,80

23,80

24,80

25,80

26,80

27,80

28,80

29,80

30,80

31,80

32,80

33,80

34,80

35,80

36,80

37,80

38,80

39,80

40,80

41,80

42,80

43,80

44,80

45,80

46,80

47,80

48,80

49,80

50,80

51,80

52,80

53,80

54,80

55,80

56,80

57,80

58,80

59,80

60,80

61,80

62,80

63,80

64,80

65,80

66,80

67,80

68,80

69,80

70,80

71,80

72,80

73,80

74,80

75,80

76,80

77,80

78,80

79,80

80,80

81,80

82,80

83,80

84,80

85,80

86,80

87,80

88,80

89,80

90,80

91,80

92,80

93,80

94,80

95,80

96,80

97,80

98,80

99,80

100,80

101,80

102,80

103,80

104,80

105,80

106,80

107,80

108,80

109,80

110,80

111,80

112,80

113,80

114,80

115,80

116,80

117,80

118,80

119,80

120,80

121,80

122,80

123,80

124,80

125,80

126,80

127,80

128,80

129,80

130,80

131,80

132,80

133,80

134,80

135,80

136,80

137,80

138,80

139,80

140,80

141,80

142,80

143,80

144,80

145,80

146,80

147,80

148,80

149,80

150,80

151,80

152,80

153,80

154,80

155,80

156,80

157,80

158,80

159,80

160,80

161,80

162,80

163,80

164,80

165,80

166,80

167,80

168,80

169,80

170,80

171,80

172,80

173,80

174,80

175,80

176,80

177,80

178,80

179,80

180,80

181,80

182,80

183,80

184,80

185,80

186,80

187,80

188,80

189,80

190,80

191,80

192,80

193,80

194,80

195,80

196,80

197,80

198,80

199,80

200,80

201,80

202,80

203,80

204,80

205,80

206,80

207,80

208,80

209,80

210,80

211,80

212,80

213,80

214,80

215,80

216,80

217,80

218,80

219,80

220,80

221,80

222,80

223,80

224,80

225,80

226,80

227,80

228,80

229,80

230,80

231,80

232,80

ID,Session
1,81

2,81

3,81

4,81

5,81

6,81

7,81

8,81

9,81

10,81

11,81

12,81

13,81

14,81

15,81

16,81

17,81

18,81

19,81

20,81

21,81

22,81

23,81

24,81

25,81

26,81

27,81

28,81

29,81

30,81

31,81

32,81

33,81

34,81

35,81

36,81

37,81

38,81

39,81

40,81

41,81

42,81

43,81

44,81

45,81

46,81

47,81

48,81

49,81

50,81

51,81

52,81

53,81

54,81

55,81

56,81

57,81

58,81

59,81

60,81

61,81

62,81

63,81

64,81

65,81

66,81

67,81

68,81

69,81

70,81

71,81

72,81

73,81

74,81

75,81

76,81

77,81

78,81

79,81

80,81

81,81

82,81

83,81

84,81

85,81

86,81

87,81

88,81

89,81

90,81

91,81

92,81

93,81

94,81

95,81

96,81

97,81

98,81

99,81

100,81

101,81

102,81

103,81

104,81

105,81

106,81

107,81

108,81

109,81

110,81

111,81

112,81

113,81

114,81

115,81

116,81

117,81

118,81

119,81

120,81

121,81

122,81

123,81

124,81

125,81

126,81

127,81

128,81

129,81

130,81

131,81

132,81

133,81

134,81

135,81

136,81

137,81

138,81

139,81

140,81

141,81

142,81

143,81

144,81

145,81

146,81

147,81

148,81

149,81

150,81

151,81

152,81

153,81

154,81

155,81

156,81

157,81

158,81

159,81

160,81

161,81

162,81

163,81

164,81

165,81

166,81

167,81

168,81

169,81

170,81

171,81

172,81

173,81

174,81

175,81

176,81

177,81

178,81

179,81

180,81

181,81

182,81

183,81

184,81

185,81

186,81

187,81

188,81

189,81

190,81

191,81

192,81

193,81

194,81

195,81

196,81

197,81

198,81

199,81

200,81

201,81

202,81

203,81

204,81

205,81

206,81

207,81

208,81

209,81

210,81

211,81

212,81

213,81

214,81

215,81

216,81

217,81

218,81

219,81

220,81

221,81

222,81

223,81

224,81

225,81

226,81

227,81

228,81

229,81

230,81

231,81

232,81

233,81

234,81

235,81

236,81

237,81

238,81

239,81

240,81

241,81

242,81

243,81

244,81

245,81

246,81

247,81

248,81

249,81

250,81

251,81

252,81

253,81

254,81

255,81

256,81

257,81

258,81

259,81

260,81

261,81

262,81

263,81

264,81

265,81

266,81

267,81

268,81

269,81

270,81

271,81

272,81

273,81

274,81

275,81

276,81

277,81

278,81

279,81

280,81

281,81

282,81

283,81

284,81

285,81

286,81

287,81

288,81

289,81

290,81

291,81

292,81

293,81

294,81

295,81

296,81

297,81

298,81

299,81

300,81

301,81

302,81

303,81

304,81

305,81

306,81

307,81

308,81

309,81

310,81

311,81

312,81

313,81

314,81

315,81

316,81

317,81

318,81

319,81

320,81

321,81

322,81

323,81

324,81

325,81

326,81

327,81

328,81

329,81

330,81

331,81

332,81

333,81

334,81

335,81

336,81

337,81

338,81

339,81

340,81

341,81

342,81

343,81

344,81

345,81

346,81

347,81

348,81

349,81

350,81

351,81

352,81

353,81

354,81

355,81

356,81

357,81

358,81

359,81

360,81

361,81

362,81

363,81

364,81

365,81

366,81

367,81

368,81

369,81

370,81

371,81

372,81

373,81

374,81

375,81

376,81

377,81

378,81

379,81

380,81

381,81

382,81

383,81

384,81

385,81

386,81

387,81

388,81

389,81

390,81

391,81

392,81

393,81

394,81

395,81

396,81

397,81

398,81

399,81

400,81

401,81

402,81

403,81

404,81

405,81

406,81

407,81

408,81

409,81

410,81

411,81

412,81

413,81

414,81

415,81

416,81

417,81

418,81

419,81

420,81

421,81

422,81

423,81

424,81

425,81

426,81

427,81

428,81

429,81

430,81

431,81

432,81

433,81

434,81

435,81

436,81

437,81

438,81

439,81

440,81

441,81

442,81

443,81

444,81

445,81

446,81

447,81

448,81

449,81

450,81

451,81

452,81

453,81

454,81

455,81

456,81

457,81

458,81

459,81

460,81

461,81

462,81

463,81

464,81

465,81

466,81

467,81

468,81

469,81

470,81

471,81

472,81

473,81

474,81

475,81

476,81

477,81

478,81

479,81

480,81

481,81

482,81

483,81

484,81

485,81

486,81

487,81

488,81

489,81

490,81

491,81

492,81

493,81

494,81

495,81

496,81

497,81

498,81

ID,Session
1,83

2,83

3,83

4,83

5,83

6,83

7,83

8,83

9,83

10,83

11,83

12,83

13,83

14,83

15,83

16,83

17,83

18,83

19,83

20,83

21,83

22,83

23,83

24,83

25,83

26,83

27,83

28,83

29,83

30,83

31,83

32,83

33,83

34,83

35,83

36,83

37,83

38,83

39,83

40,83

41,83

42,83

43,83

44,83

45,83

46,83

47,83

48,83

49,83

50,83

51,83

52,83

53,83

54,83

55,83

56,83

57,83

58,83

59,83

60,83

61,83

62,83

63,83

64,83

65,83

66,83

67,83

68,83

69,83

70,83

71,83

72,83

73,83

74,83

75,83

76,83

77,83

78,83

79,83

80,83

81,83

82,83

83,83

84,83

85,83

86,83

87,83

88,83

89,83

90,83

91,83

92,83

93,83

94,83

95,83

96,83

97,83

98,83

99,83

100,83

101,83

ID,Session
1,84

2,84

3,84

4,84

5,84

6,84

7,84

8,84

9,84

10,84

11,84

12,84

13,84

14,84

15,84

16,84

17,84

18,84

19,84

20,84

21,84

22,84

23,84

24,84

25,84

26,84

27,84

28,84

29,84

30,84

31,84

32,84

33,84

34,84

35,84

36,84

37,84

38,84

39,84

40,84

41,84

42,84

43,84

44,84

45,84

46,84

47,84

48,84

49,84

50,84

51,84

52,84

53,84

54,84

55,84

56,84

57,84

58,84

59,84

60,84

61,84

62,84

63,84

64,84

65,84

66,84

67,84

68,84

69,84

70,84

71,84

72,84

73,84

74,84

75,84

76,84

77,84

78,84

79,84

80,84

81,84

82,84

83,84

84,84

85,84

86,84

87,84

88,84

89,84

90,84

91,84

92,84

93,84

94,84

95,84

96,84

97,84

98,84

99,84

100,84

101,84

102,84

103,84

104,84

105,84

106,84

107,84

108,84

109,84

110,84

111,84

112,84

113,84

114,84

115,84

116,84

117,84

118,84

119,84

120,84

121,84

122,84

123,84

124,84

125,84

126,84

127,84

128,84

129,84

130,84

131,84

132,84

133,84

134,84

135,84

136,84

137,84

138,84

139,84

140,84

141,84

142,84

143,84

144,84

145,84

146,84

147,84

148,84

149,84

150,84

151,84

152,84

153,84

154,84

155,84

156,84

157,84

158,84

159,84

160,84

161,84

162,84

163,84

164,84

165,84

166,84

167,84

168,84

169,84

170,84

171,84

172,84

173,84

174,84

175,84

176,84

177,84

178,84

179,84

180,84

181,84

182,84

183,84

184,84

185,84

186,84

187,84

188,84

189,84

190,84

191,84

192,84

193,84

194,84

195,84

196,84

197,84

ID,Session
1,85

2,85

3,85

4,85

5,85

6,85

7,85

8,85

9,85

10,85

11,85

12,85

13,85

14,85

15,85

16,85

17,85

18,85

19,85

20,85

21,85

22,85

23,85

24,85

25,85

26,85

27,85

28,85

29,85

30,85

31,85

32,85

33,85

34,85

35,85

36,85

37,85

38,85

39,85

40,85

41,85

42,85

43,85

44,85

45,85

46,85

47,85

48,85

49,85

50,85

51,85

52,85

53,85

54,85

55,85

56,85

57,85

58,85

59,85

60,85

61,85

62,85

63,85

64,85

65,85

66,85

67,85

68,85

69,85

70,85

71,85

72,85

73,85

74,85

75,85

76,85

77,85

78,85

79,85

80,85

81,85

82,85

83,85

84,85

85,85

86,85

87,85

88,85

89,85

90,85

91,85

92,85

93,85

94,85

95,85

96,85

97,85

98,85

99,85

100,85

101,85

102,85

103,85

104,85

105,85

106,85

107,85

108,85

109,85

110,85

111,85

112,85

113,85

114,85

115,85

116,85

117,85

118,85

119,85

120,85

121,85

122,85

123,85

124,85

125,85

126,85

127,85

128,85

129,85

130,85

131,85

132,85

133,85

134,85

135,85

136,85

137,85

138,85

139,85

140,85

141,85

142,85

143,85

144,85

145,85

146,85

147,85

148,85

149,85

150,85

151,85

152,85

153,85

154,85

155,85

156,85

157,85

158,85

159,85

160,85

161,85

162,85

163,85

164,85

165,85

166,85

167,85

168,85

169,85

170,85

171,85

172,85

173,85

174,85

175,85

176,85

177,85

178,85

179,85

180,85

181,85

182,85

183,85

184,85

ID,Session
1,86

2,86

3,86

4,86

5,86

6,86

7,86

8,86

9,86

ID,Session
1,87

2,87

3,87

4,87

5,87

6,87

7,87

8,87

9,87

10,87

11,87

12,87

13,87

14,87

15,87

16,87

17,87

18,87

19,87

20,87

21,87

22,87

23,87

24,87

25,87

26,87

27,87

28,87

29,87

30,87

31,87

32,87

33,87

34,87

35,87

36,87

37,87

38,87

39,87

40,87

41,87

42,87

43,87

44,87

45,87

46,87

47,87

48,87

49,87

50,87

51,87

52,87

53,87

54,87

55,87

56,87

57,87

58,87

59,87

ID,Session
1,88

2,88

3,88

4,88

5,88

6,88

7,88

8,88

9,88

10,88

11,88

12,88

13,88

14,88

15,88

16,88

17,88

18,88

19,88

20,88

21,88

22,88

23,88

24,88

25,88

26,88

27,88

28,88

29,88

30,88

31,88

32,88

33,88

34,88

35,88

36,88

37,88

38,88

39,88

40,88

41,88

42,88

43,88

44,88

45,88

46,88

47,88

48,88

49,88

50,88

51,88

52,88

53,88

54,88

55,88

ID,Session
1,89

2,89

3,89

4,89

5,89

6,89

7,89

8,89

9,89

10,89

11,89

12,89

13,89

14,89

15,89

16,89

17,89

18,89

19,89

20,89

21,89

22,89

23,89

24,89

25,89

26,89

27,89

28,89

29,89

30,89

31,89

32,89

33,89

34,89

35,89

36,89

37,89

38,89

39,89

40,89

41,89

42,89

43,89

44,89

45,89

46,89

47,89

48,89

49,89

50,89

51,89

52,89

53,89

54,89

55,89

56,89

57,89

58,89

59,89

60,89

61,89

62,89

63,89

64,89

65,89

66,89

67,89

68,89

69,89

70,89

71,89

72,89

73,89

74,89

75,89

76,89

77,89

78,89

79,89

80,89

81,89

82,89

83,89

84,89

85,89

86,89

87,89

88,89

89,89

90,89

91,89

92,89

93,89

94,89

95,89

96,89

97,89

98,89

99,89

100,89

101,89

102,89

103,89

104,89

105,89

106,89

107,89

108,89

109,89

110,89

111,89

112,89

113,89

114,89

115,89

116,89

117,89

118,89

119,89

120,89

121,89

122,89

123,89

124,89

125,89

126,89

127,89

128,89

129,89

130,89

131,89

132,89

133,89

134,89

135,89

136,89

137,89

138,89

139,89

140,89

141,89

142,89

143,89

144,89

145,89

146,89

147,89

148,89

149,89

150,89

151,89

152,89

153,89

154,89

155,89

156,89

157,89

158,89

159,89

160,89

161,89

162,89

163,89

164,89

165,89

166,89

167,89

ID,Session
1,90

2,90

3,90

4,90

5,90

6,90

7,90

8,90

9,90

10,90

11,90

12,90

13,90

14,90

15,90

16,90

17,90

18,90

19,90

20,90

21,90

22,90

23,90

24,90

25,90

26,90

27,90

28,90

29,90

30,90

31,90

32,90

33,90

34,90

35,90

36,90

37,90

ID,Session
1,91

2,91

3,91

4,91

5,91

6,91

7,91

8,91

9,91

10,91

11,91

12,91

13,91

14,91

15,91

16,91

17,91

18,91

19,91

20,91

21,91

22,91

23,91

24,91

25,91

26,91

27,91

28,91

29,91

30,91

31,91

32,91

33,91

34,91

35,91

36,91

37,91

38,91

39,91

40,91

41,91

42,91

43,91

44,91

45,91

46,91

47,91

48,91

49,91

50,91

51,91

52,91

53,91

54,91

55,91

56,91

57,91

58,91

59,91

60,91

61,91

62,91

63,91

64,91

65,91

66,91

ID,Session
1,92

2,92

3,92

4,92

5,92

6,92

7,92

8,92

9,92

10,92

11,92

12,92

13,92

14,92

15,92

16,92

17,92

18,92

19,92

20,92

21,92

22,92

23,92

24,92

25,92

26,92

27,92

28,92

29,92

30,92

31,92

32,92

33,92

34,92

35,92

36,92

37,92

38,92

39,92

40,92

41,92

42,92

43,92

44,92

45,92

46,92

47,92

48,92

49,92

50,92

51,92

52,92

53,92

54,92

55,92

56,92

57,92

58,92

59,92

60,92

61,92

62,92

63,92

64,92

65,92

66,92

67,92

68,92

69,92

70,92

71,92

72,92

73,92

74,92

75,92

76,92

77,92

78,92

79,92

80,92

81,92

82,92

83,92

84,92

85,92

86,92

87,92

88,92

89,92

90,92

91,92

92,92

93,92

94,92

95,92

96,92

97,92

98,92

99,92

100,92

101,92

102,92

103,92

104,92

105,92

106,92

107,92

108,92

109,92

110,92

111,92

112,92

113,92

114,92

115,92

116,92

117,92

118,92

119,92

120,92

121,92

122,92

123,92

124,92

125,92

126,92

127,92

128,92

129,92

130,92

131,92

132,92

133,92

134,92

135,92

136,92

137,92

138,92

139,92

140,92

141,92

142,92

143,92

144,92

145,92

146,92

147,92

148,92

149,92

150,92

151,92

152,92

153,92

154,92

155,92

156,92

157,92

158,92

159,92

160,92

161,92

162,92

163,92

164,92

165,92

166,92

167,92

168,92

169,92

170,92

171,92

172,92

173,92

174,92

175,92

176,92

177,92

178,92

179,92

180,92

181,92

182,92

183,92

184,92

185,92

186,92

187,92

188,92

189,92

190,92

191,92

192,92

193,92

194,92

195,92

196,92

197,92

ID,Session
1,93

2,93

3,93

4,93

5,93

6,93

7,93

8,93

9,93

10,93

11,93

12,93

13,93

14,93

15,93

16,93

17,93

18,93

19,93

20,93

21,93

22,93

23,93

24,93

25,93

26,93

27,93

28,93

29,93

30,93

31,93

32,93

33,93

34,93

35,93

36,93

37,93

38,93

39,93

40,93

41,93

42,93

43,93

44,93

45,93

46,93

47,93

48,93

49,93

50,93

51,93

52,93

53,93

54,93

55,93

56,93

57,93

58,93

59,93

60,93

61,93

62,93

63,93

64,93

65,93

66,93

67,93

68,93

69,93

70,93

71,93

72,93

73,93

74,93

75,93

76,93

77,93

78,93

79,93

ID,Session
1,94

2,94

3,94

4,94

5,94

6,94

7,94

8,94

9,94

10,94

11,94

12,94

13,94

14,94

15,94

16,94

17,94

18,94

19,94

20,94

21,94

22,94

23,94

24,94

25,94

26,94

27,94

28,94

29,94

30,94

31,94

32,94

33,94

34,94

35,94

36,94

37,94

38,94

39,94

40,94

41,94

42,94

43,94

44,94

45,94

46,94

47,94

48,94

49,94

50,94

51,94

52,94

53,94

54,94

55,94

56,94

57,94

58,94

59,94

60,94

61,94

62,94

63,94

64,94

65,94

66,94

67,94

68,94

69,94

70,94

71,94

72,94

73,94

74,94

75,94

76,94

77,94

78,94

79,94

80,94

81,94

82,94

83,94

84,94

85,94

86,94

87,94

88,94

89,94

90,94

91,94

92,94

93,94

94,94

95,94

96,94

97,94

98,94

99,94

100,94

101,94

102,94

103,94

104,94

105,94

106,94

107,94

108,94

109,94

110,94

111,94

112,94

113,94

114,94

115,94

116,94

117,94

118,94

119,94

120,94

121,94

122,94

123,94

124,94

125,94

126,94

127,94

128,94

129,94

130,94

131,94

132,94

133,94

134,94

135,94

136,94

137,94

138,94

139,94

140,94

141,94

142,94

143,94

144,94

145,94

146,94

147,94

148,94

149,94

150,94

151,94

152,94

153,94

154,94

155,94

156,94

157,94

158,94

159,94

160,94

161,94

162,94

163,94

164,94

165,94

166,94

167,94

168,94

169,94

170,94

171,94

172,94

173,94

174,94

175,94

176,94

177,94

178,94

179,94

180,94

181,94

182,94

183,94

184,94

185,94

186,94

187,94

188,94

189,94

190,94

191,94

192,94

193,94

194,94

195,94

196,94

197,94

198,94

199,94

200,94

201,94

202,94

203,94

204,94

205,94

206,94

207,94

208,94

209,94

210,94

211,94

212,94

213,94

214,94

215,94

216,94

217,94

218,94

219,94

220,94

221,94

222,94

223,94

224,94

225,94

226,94

227,94

228,94

229,94

230,94

231,94

232,94

233,94

234,94

235,94

236,94

237,94

238,94

239,94

240,94

241,94

242,94

243,94

244,94

245,94

246,94

247,94

248,94

249,94

250,94

251,94

252,94

253,94

254,94

255,94

256,94

257,94

258,94

259,94

260,94

261,94

262,94

263,94

264,94

265,94

266,94

267,94

268,94

269,94

270,94

271,94

272,94

273,94

274,94

275,94

276,94

277,94

278,94

279,94

280,94

281,94

282,94

283,94

284,94

285,94

286,94

287,94

288,94

289,94

290,94

291,94

292,94

293,94

294,94

295,94

296,94

297,94

298,94

299,94

300,94

301,94

302,94

303,94

304,94

305,94

306,94

307,94

308,94

309,94

310,94

311,94

312,94

313,94

314,94

315,94

316,94

317,94

318,94

319,94

320,94

321,94

322,94

323,94

324,94

325,94

326,94

327,94

328,94

329,94

330,94

331,94

332,94

333,94

334,94

335,94

336,94

337,94

338,94

339,94

340,94

341,94

342,94

343,94

344,94

345,94

346,94

347,94

348,94

349,94

350,94

351,94

352,94

353,94

354,94

355,94

356,94

357,94

358,94

359,94

360,94

361,94

362,94

363,94

364,94

365,94

366,94

367,94

368,94

369,94

370,94

371,94

372,94

373,94

374,94

375,94

376,94

377,94

378,94

379,94

380,94

381,94

382,94

383,94

384,94

385,94

386,94

387,94

388,94

389,94

390,94

391,94

392,94

393,94

394,94

395,94

396,94

397,94

398,94

399,94

400,94

401,94

402,94

403,94

404,94

405,94

406,94

407,94

408,94

409,94

410,94

411,94

412,94

413,94

414,94

415,94

416,94

417,94

418,94

419,94

420,94

421,94

422,94

423,94

424,94

425,94

426,94

427,94

428,94

429,94

430,94

431,94

432,94

433,94

434,94

435,94

436,94

437,94

438,94

439,94

440,94

441,94

442,94

443,94

444,94

445,94

446,94

447,94

448,94

449,94

450,94

451,94

452,94

453,94

454,94

455,94

456,94

457,94

458,94

459,94

460,94

461,94

462,94

463,94

464,94

465,94

466,94

467,94

468,94

469,94

470,94

471,94

472,94

473,94

474,94

475,94

476,94

477,94

478,94

479,94

480,94

481,94

482,94

483,94

484,94

485,94

486,94

487,94

488,94

489,94

490,94

491,94

492,94

493,94

494,94

495,94

496,94

497,94

498,94

499,94

500,94

501,94

502,94

503,94

504,94

505,94

506,94

507,94

508,94

509,94

510,94

511,94

512,94

513,94

514,94

515,94

516,94

517,94

518,94

519,94

520,94

521,94

522,94

523,94

524,94

525,94

526,94

527,94

528,94

529,94

530,94

531,94

532,94

533,94

534,94

535,94

536,94

537,94

538,94

539,94

540,94

541,94

542,94

543,94

544,94

545,94

546,94

547,94

548,94

549,94

550,94

551,94

552,94

553,94

554,94

555,94

556,94

557,94

558,94

559,94

560,94

561,94

562,94

563,94

564,94

565,94

566,94

567,94

568,94

569,94

570,94

571,94

572,94

573,94

574,94

575,94

576,94

577,94

578,94

579,94

580,94

581,94

582,94

583,94

584,94

585,94

586,94

587,94

588,94

589,94

590,94

591,94

592,94

593,94

594,94

595,94

596,94

597,94

598,94

599,94

600,94

601,94

602,94

603,94

604,94

605,94

606,94

607,94

608,94

609,94

610,94

611,94

612,94

613,94

614,94

615,94

616,94

617,94

618,94

619,94

620,94

621,94

622,94

623,94

624,94

625,94

626,94

627,94

628,94

629,94

630,94

631,94

632,94

633,94

634,94

635,94

636,94

637,94

638,94

639,94

640,94

641,94

642,94

643,94

644,94

645,94

646,94

647,94

648,94

649,94

650,94

651,94

652,94

653,94

654,94

655,94

656,94

657,94

658,94

659,94

660,94

661,94

662,94

663,94

664,94

665,94

666,94

667,94

668,94

669,94

670,94

671,94

672,94

673,94

674,94

675,94

676,94

677,94

678,94

679,94

680,94

681,94

682,94

683,94

684,94

685,94

686,94

687,94

688,94

689,94

690,94

691,94

692,94

693,94

694,94

695,94

696,94

697,94

698,94

699,94

700,94

701,94

702,94

703,94

704,94

705,94

706,94

707,94

708,94

709,94

710,94

711,94

712,94

713,94

714,94

715,94

716,94

717,94

718,94

719,94

720,94

721,94

722,94

723,94

724,94

725,94

726,94

727,94

728,94

729,94

730,94

731,94

732,94

733,94

734,94

735,94

736,94

737,94

738,94

739,94

740,94

741,94

742,94

743,94

744,94

745,94

746,94

747,94

748,94

749,94

750,94

751,94

752,94

753,94

754,94

755,94

756,94

757,94

758,94

759,94

760,94

761,94

762,94

763,94

764,94

765,94

766,94

767,94

768,94

769,94

770,94

771,94

772,94

773,94

774,94

775,94

776,94

777,94

778,94

779,94

780,94

781,94

782,94

783,94

784,94

785,94

786,94

787,94

788,94

789,94

790,94

791,94

792,94

793,94

794,94

795,94

796,94

797,94

798,94

799,94

800,94

801,94

802,94

803,94

804,94

805,94

806,94

807,94

808,94

809,94

810,94

811,94

812,94

813,94

814,94

815,94

816,94

817,94

818,94

819,94

820,94

821,94

822,94

823,94

824,94

825,94

826,94

827,94

828,94

829,94

830,94

831,94

832,94

833,94

834,94

835,94

836,94

837,94

838,94

839,94

840,94

841,94

842,94

843,94

844,94

845,94

846,94

847,94

848,94

849,94

850,94

851,94

852,94

853,94

854,94

855,94

856,94

857,94

858,94

859,94

860,94

861,94

862,94

863,94

864,94

865,94

866,94

867,94

868,94

869,94

870,94

871,94

872,94

873,94

874,94

875,94

876,94

877,94

878,94

879,94

880,94

881,94

882,94

883,94

884,94

885,94

886,94

887,94

888,94

889,94

890,94

891,94

892,94

893,94

894,94

895,94

896,94

897,94

898,94

899,94

900,94

901,94

902,94

903,94

904,94

905,94

906,94

907,94

908,94

909,94

910,94

911,94

912,94

913,94

914,94

915,94

916,94

917,94

918,94

919,94

920,94

921,94

922,94

923,94

924,94

925,94

926,94

927,94

928,94

929,94

930,94

931,94

932,94

933,94

934,94

935,94

936,94

937,94

938,94

939,94

940,94

941,94

942,94

943,94

944,94

945,94

946,94

947,94

948,94

949,94

950,94

951,94

952,94

953,94

954,94

955,94

956,94

957,94

958,94

959,94

960,94

961,94

962,94

963,94

964,94

965,94

966,94

967,94

968,94

969,94

970,94

971,94

972,94

973,94

974,94

975,94

976,94

977,94

978,94

979,94

980,94

981,94

982,94

983,94

984,94

985,94

986,94

987,94

988,94

989,94

990,94

991,94

992,94

993,94

994,94

995,94

996,94

997,94

998,94

999,94

1000,94

1001,94

1002,94

1003,94

1004,94

1005,94

1006,94

1007,94

1008,94

1009,94

1010,94

1011,94

1012,94

1013,94

1014,94

1015,94

1016,94

1017,94

1018,94

1019,94

1020,94

1021,94

1022,94

1023,94

1024,94

1025,94

1026,94

1027,94

1028,94

1029,94

1030,94

1031,94

1032,94

1033,94

1034,94

1035,94

1036,94

1037,94

1038,94

1039,94

1040,94

1041,94

1042,94

1043,94

1044,94

1045,94

1046,94

1047,94

1048,94

1049,94

1050,94

1051,94

1052,94

1053,94

1054,94

1055,94

1056,94

1057,94

1058,94

1059,94

1060,94

1061,94

1062,94

1063,94

1064,94

1065,94

1066,94

1067,94

1068,94

1069,94

1070,94

1071,94

1072,94

1073,94

1074,94

1075,94

1076,94

1077,94

1078,94

1079,94

1080,94

1081,94

1082,94

1083,94

1084,94

1085,94

1086,94

1087,94

1088,94

1089,94

1090,94

1091,94

1092,94

1093,94

1094,94

1095,94

1096,94

ID,Session
1,95

2,95

3,95

4,95

5,95

6,95

7,95

8,95

9,95

10,95

11,95

12,95

13,95

14,95

15,95

16,95

17,95

18,95

19,95

20,95

21,95

22,95

23,95

24,95

25,95

26,95

27,95

28,95

29,95

30,95

31,95

32,95

33,95

34,95

35,95

36,95

37,95

38,95

39,95

40,95

41,95

42,95

43,95

44,95

45,95

46,95

47,95

48,95

49,95

ID,Session
1,96

2,96

3,96

4,96

5,96

6,96

7,96

8,96

9,96

10,96

11,96

12,96

13,96

14,96

15,96

16,96

17,96

18,96

19,96

20,96

21,96

22,96

23,96

24,96

25,96

26,96

27,96

28,96

29,96

30,96

31,96

32,96

33,96

34,96

35,96

36,96

37,96

38,96

39,96

40,96

41,96

42,96

43,96

44,96

45,96

46,96

47,96

48,96

49,96

50,96

51,96

52,96

53,96

54,96

55,96

56,96

57,96

58,96

59,96

60,96

61,96

62,96

63,96

64,96

65,96

66,96

67,96

68,96

69,96

70,96

71,96

72,96

73,96

74,96

75,96

76,96

77,96

78,96

79,96

80,96

81,96

82,96

83,96

84,96

85,96

86,96

87,96

88,96

89,96

90,96

91,96

92,96

93,96

94,96

95,96

96,96

97,96

98,96

99,96

100,96

101,96

102,96

103,96

104,96

105,96

106,96

107,96

108,96

109,96

110,96

111,96

112,96

113,96

114,96

115,96

116,96

117,96

118,96

119,96

120,96

121,96

122,96

123,96

124,96

125,96

126,96

127,96

128,96

129,96

130,96

131,96

132,96

133,96

134,96

135,96

136,96

137,96

138,96

139,96

140,96

141,96

142,96

143,96

144,96

145,96

146,96

147,96

148,96

149,96

150,96

151,96

152,96

153,96

154,96

155,96

156,96

157,96

158,96

159,96

160,96

161,96

162,96

163,96

164,96

165,96

166,96

167,96

168,96

169,96

170,96

171,96

172,96

173,96

174,96

175,96

176,96

177,96

178,96

179,96

180,96

181,96

182,96

183,96

184,96

185,96

186,96

187,96

188,96

189,96

190,96

191,96

192,96

193,96

194,96

195,96

196,96

197,96

198,96

199,96

200,96

201,96

202,96

203,96

204,96

205,96

206,96

207,96

208,96

209,96

210,96

211,96

212,96

213,96

214,96

215,96

ID,Session
1,97

2,97

3,97

4,97

5,97

6,97

7,97

8,97

9,97

10,97

11,97

12,97

13,97

14,97

15,97

16,97

17,97

18,97

19,97

20,97

21,97

22,97

23,97

24,97

25,97

26,97

27,97

28,97

29,97

30,97

31,97

32,97

33,97

34,97

35,97

36,97

37,97

38,97

39,97

40,97

41,97

42,97

43,97

44,97

45,97

46,97

47,97

48,97

49,97

50,97

51,97

52,97

53,97

54,97

55,97

56,97

57,97

58,97

59,97

60,97

61,97

62,97

63,97

64,97

65,97

66,97

67,97

68,97

69,97

70,97

71,97

72,97

73,97

74,97

75,97

76,97

77,97

78,97

79,97

80,97

81,97

82,97

83,97

84,97

85,97

86,97

87,97

88,97

89,97

90,97

91,97

92,97

93,97

94,97

95,97

96,97

97,97

98,97

99,97

100,97

101,97

102,97

103,97

104,97

105,97

106,97

107,97

108,97

109,97

110,97

111,97

112,97

113,97

114,97

115,97

116,97

117,97

118,97

119,97

120,97

121,97

122,97

123,97

124,97

125,97

126,97

127,97

128,97

129,97

130,97

131,97

132,97

133,97

134,97

135,97

136,97

137,97

138,97

139,97

140,97

141,97

142,97

143,97

144,97

145,97

146,97

147,97

148,97

149,97

150,97

151,97

152,97

153,97

154,97

155,97

156,97

157,97

158,97

159,97

160,97

161,97

162,97

163,97

164,97

165,97

166,97

167,97

168,97

169,97

170,97

171,97

172,97

173,97

174,97

175,97

176,97

177,97

178,97

179,97

180,97

181,97

182,97

183,97

184,97

185,97

186,97

187,97

188,97

189,97

190,97

191,97

192,97

193,97

194,97

195,97

196,97

197,97

198,97

199,97

200,97

201,97

202,97

203,97

204,97

205,97

206,97

207,97

208,97

209,97

210,97

211,97

212,97

213,97

214,97

215,97

216,97

217,97

218,97

219,97

220,97

221,97

222,97

223,97

224,97

225,97

226,97

227,97

228,97

229,97

230,97

231,97

232,97

233,97

234,97

235,97

236,97

237,97

238,97

239,97

240,97

241,97

242,97

243,97

244,97

245,97

246,97

247,97

248,97

249,97

250,97

251,97

252,97

253,97

254,97

255,97

256,97

257,97

258,97

259,97

260,97

261,97

262,97

263,97

264,97

265,97

266,97

267,97

268,97

269,97

270,97

271,97

272,97

273,97

274,97

275,97

276,97

277,97

278,97

279,97

280,97

281,97

282,97

283,97

284,97

285,97

286,97

287,97

288,97

289,97

290,97

291,97

292,97

293,97

294,97

295,97

296,97

297,97

298,97

299,97

300,97

301,97

302,97

303,97

304,97

305,97

306,97

307,97

308,97

309,97

310,97

311,97

312,97

313,97

314,97

315,97

316,97

317,97

318,97

319,97

320,97

321,97

322,97

323,97

324,97

325,97

326,97

327,97

328,97

329,97

330,97

331,97

332,97

333,97

334,97

335,97

336,97

337,97

338,97

339,97

340,97

341,97

342,97

343,97

344,97

345,97

346,97

347,97

348,97

349,97

350,97

351,97

352,97

353,97

354,97

355,97

356,97

357,97

358,97

359,97

360,97

361,97

362,97

363,97

364,97

365,97

366,97

367,97

368,97

369,97

370,97

371,97

372,97

373,97

374,97

375,97

376,97

377,97

378,97

379,97

380,97

381,97

382,97

383,97

384,97

385,97

386,97

387,97

388,97

389,97

390,97

391,97

392,97

393,97

394,97

395,97

396,97

397,97

398,97

399,97

400,97

401,97

402,97

403,97

404,97

405,97

406,97

407,97

408,97

409,97

410,97

411,97

412,97

413,97

414,97

415,97

416,97

417,97

418,97

419,97

420,97

421,97

422,97

423,97

424,97

425,97

426,97

427,97

428,97

429,97

430,97

431,97

432,97

433,97

434,97

435,97

436,97

437,97

438,97

439,97

440,97

441,97

442,97

443,97

444,97

445,97

446,97

447,97

448,97

449,97

450,97

451,97

452,97

453,97

454,97

455,97

456,97

457,97

458,97

459,97

460,97

461,97

462,97

463,97

464,97

465,97

466,97

467,97

468,97

469,97

470,97

471,97

472,97

473,97

474,97

475,97

476,97

477,97

478,97

479,97

480,97

481,97

482,97

483,97

484,97

485,97

486,97

487,97

488,97

489,97

490,97

491,97

492,97

493,97

494,97

495,97

496,97

497,97

498,97

499,97

500,97

501,97

502,97

503,97

504,97

505,97

506,97

507,97

508,97

509,97

510,97

511,97

512,97

513,97

514,97

515,97

516,97

517,97

518,97

519,97

520,97

521,97

522,97

523,97

524,97

525,97

526,97

527,97

528,97

529,97

530,97

531,97

532,97

533,97

534,97

535,97

536,97

537,97

538,97

539,97

540,97

541,97

542,97

543,97

544,97

545,97

546,97

547,97

548,97

549,97

550,97

551,97

552,97

553,97

554,97

555,97

556,97

557,97

558,97

559,97

560,97

561,97

562,97

563,97

564,97

565,97

566,97

567,97

568,97

569,97

570,97

571,97

572,97

573,97

574,97

575,97

576,97

577,97

578,97

579,97

580,97

581,97

582,97

583,97

584,97

585,97

586,97

587,97

588,97

ID,Session
1,98

2,98

3,98

4,98

5,98

6,98

7,98

8,98

9,98

10,98

11,98

12,98

13,98

14,98

15,98

16,98

17,98

18,98

19,98

20,98

21,98

22,98

23,98

24,98

25,98

26,98

27,98

28,98

29,98

30,98

31,98

32,98

33,98

34,98

35,98

36,98

37,98

38,98

39,98

40,98

41,98

42,98

43,98

44,98

45,98

46,98

47,98

48,98

49,98

50,98

51,98

52,98

53,98

54,98

55,98

56,98

57,98

58,98

59,98

60,98

ID,Session
1,99

2,99

3,99

4,99

5,99

6,99

7,99

8,99

9,99

10,99

11,99

12,99

13,99

14,99

15,99

16,99

17,99

18,99

19,99

20,99

21,99

22,99

23,99

24,99

25,99

26,99

27,99

28,99

29,99

30,99

31,99

32,99

33,99

34,99

35,99

36,99

37,99

38,99

39,99

40,99

41,99

42,99

43,99

44,99

45,99

46,99

47,99

48,99

49,99

50,99

51,99

52,99

53,99

54,99

55,99

56,99

57,99

58,99

59,99

60,99

61,99

62,99

63,99

64,99

65,99

66,99

67,99

68,99

69,99

70,99

71,99

72,99

73,99

74,99

75,99

76,99

77,99

78,99

79,99

80,99

81,99

82,99

83,99

84,99

85,99

86,99

87,99

88,99

89,99

90,99

91,99

92,99

93,99

94,99

95,99

96,99

97,99

98,99

99,99

100,99

101,99

102,99

103,99

104,99

105,99

106,99

107,99

108,99

109,99

110,99

111,99

112,99

113,99

114,99

115,99

116,99

117,99

118,99

119,99

120,99

121,99

122,99

123,99

124,99

125,99

126,99

127,99

128,99

129,99

130,99

131,99

132,99

133,99

134,99

135,99

136,99

137,99

138,99

139,99

140,99

141,99

142,99

143,99

144,99

145,99

146,99

147,99

148,99

149,99

150,99

151,99

152,99

153,99

154,99

155,99

156,99

157,99

158,99

159,99

160,99

161,99

162,99

163,99

164,99

165,99

166,99

167,99

168,99

169,99

170,99

171,99

172,99

173,99

174,99

175,99

176,99

177,99

178,99

179,99

180,99

181,99

182,99

183,99

184,99

185,99

186,99

187,99

188,99

189,99

190,99

191,99

192,99

193,99

194,99

195,99

196,99

197,99

198,99

199,99

200,99

201,99

202,99

203,99

204,99

205,99

206,99

207,99

208,99

209,99

210,99

211,99

212,99

213,99

214,99

215,99

216,99

217,99

218,99

219,99

220,99

221,99

222,99

223,99

224,99

225,99

226,99

227,99

228,99

229,99

230,99

231,99

232,99

233,99

234,99

235,99

236,99

237,99

238,99

239,99

240,99

241,99

242,99

243,99

244,99

245,99

246,99

247,99

248,99

249,99

250,99

251,99

252,99

253,99

254,99

255,99

ID,Session
1,100

2,100

3,100

4,100

5,100

6,100

7,100

8,100

9,100

10,100

11,100

12,100

13,100

14,100

15,100

16,100

17,100

18,100

19,100

20,100

21,100

22,100

23,100

24,100

25,100

26,100

27,100

28,100

29,100

30,100

31,100

32,100

33,100

34,100

35,100

36,100

37,100

38,100

39,100

40,100

41,100

42,100

43,100

44,100

45,100

46,100

47,100

48,100

49,100

50,100

51,100

52,100

53,100

54,100

55,100

56,100

57,100

58,100

59,100

60,100

61,100

62,100

63,100

64,100

65,100

66,100

67,100

68,100

69,100

70,100

71,100

72,100

73,100

74,100

75,100

76,100

77,100

78,100

79,100

80,100

81,100

82,100

83,100

84,100

85,100

86,100

87,100

88,100

89,100

90,100

91,100

92,100

93,100

94,100

95,100

96,100

97,100

98,100

99,100

100,100

101,100

102,100

103,100

104,100

105,100

106,100

107,100

108,100

109,100

110,100

111,100

112,100

113,100

114,100

115,100

116,100

117,100

118,100

119,100

120,100

121,100

122,100

123,100

124,100

125,100

126,100

127,100

128,100

129,100

130,100

131,100

132,100

133,100

134,100

135,100

136,100

137,100

138,100

139,100

140,100

141,100

142,100

143,100

144,100

145,100

146,100

147,100

148,100

149,100

150,100

151,100

152,100

153,100

154,100

155,100

156,100

157,100

158,100

159,100

160,100

161,100

162,100

163,100

164,100

165,100

166,100

167,100

168,100

169,100

170,100

171,100

172,100

173,100

174,100

175,100

176,100

177,100

178,100

179,100

180,100

181,100

182,100

183,100

184,100

185,100

186,100

187,100

188,100

189,100

190,100

191,100

192,100

193,100

194,100

195,100

196,100

197,100

198,100

199,100

200,100

201,100

202,100

203,100

204,100

205,100

206,100

207,100

208,100

209,100

210,100

211,100

212,100

213,100

214,100

215,100

216,100

217,100

218,100

219,100

220,100

221,100

222,100

223,100

224,100

225,100

226,100

227,100

228,100

229,100

230,100

231,100

232,100

233,100

234,100

235,100

236,100

237,100

238,100

239,100

240,100

241,100

242,100

243,100

244,100

245,100

246,100

247,100

248,100

249,100

250,100

251,100

252,100

253,100

254,100

255,100

256,100

257,100

258,100

259,100

260,100

261,100

262,100

263,100

264,100

265,100

266,100

267,100

268,100

269,100

270,100

271,100

272,100

273,100

274,100

275,100

276,100

277,100

278,100

279,100

280,100

281,100

282,100

283,100

284,100

285,100

286,100

287,100

288,100

289,100

290,100

291,100

292,100

293,100

294,100

295,100

296,100

297,100

298,100

299,100

300,100

301,100

302,100

303,100

304,100

305,100

306,100

307,100

308,100

309,100

310,100

311,100

312,100

313,100

314,100

315,100

316,100

317,100

318,100

319,100

320,100

321,100

322,100

323,100

324,100

325,100

326,100

327,100

328,100

329,100

330,100

331,100

332,100

333,100

334,100

335,100

336,100

337,100

338,100

339,100

340,100

341,100

342,100

343,100

344,100

345,100

346,100

347,100

348,100

349,100

350,100

351,100

352,100

353,100

354,100

355,100

356,100

357,100

358,100

359,100

360,100

361,100

362,100

363,100

364,100

365,100

366,100

367,100

368,100

369,100

370,100

371,100

372,100

373,100

374,100

375,100

376,100

377,100

378,100

379,100

380,100

381,100

382,100

383,100

384,100

385,100

386,100

387,100

388,100

389,100

390,100

391,100

392,100

393,100

394,100

395,100

396,100

397,100

398,100

399,100

400,100

401,100

402,100

403,100

404,100

405,100

406,100

407,100

408,100

409,100

410,100

411,100

412,100

413,100

414,100

415,100

416,100

417,100

418,100

419,100

420,100

421,100

422,100

423,100

424,100

425,100

426,100

427,100

428,100

429,100

430,100

431,100

432,100

433,100

434,100

435,100

436,100

437,100

438,100

439,100

440,100

441,100

442,100

443,100

444,100

445,100

446,100

447,100

448,100

449,100

450,100

451,100

452,100

453,100

454,100

455,100

456,100

457,100

458,100

459,100

460,100

461,100

462,100

463,100

464,100

465,100

466,100

467,100

468,100

469,100

470,100

471,100

472,100

473,100

474,100

475,100

476,100

477,100

478,100

479,100

480,100

481,100

482,100

483,100

484,100

485,100

486,100

487,100

488,100

489,100

490,100

491,100

492,100

493,100

494,100

495,100

496,100

497,100

498,100

499,100

500,100

501,100

502,100

503,100

504,100

505,100

506,100

507,100

508,100

509,100

510,100

511,100

512,100

513,100

ID,Session
1,101

2,101

3,101

4,101

5,101

6,101

7,101

8,101

9,101

10,101

11,101

12,101

13,101

14,101

15,101

16,101

17,101

18,101

19,101

20,101

21,101

22,101

23,101

24,101

25,101

26,101

27,101

28,101

29,101

30,101

31,101

32,101

33,101

34,101

35,101

36,101

37,101

38,101

39,101

40,101

41,101

42,101

43,101

44,101

45,101

46,101

47,101

48,101

49,101

50,101

51,101

52,101

53,101

54,101

55,101

56,101

57,101

58,101

59,101

60,101

61,101

62,101

63,101

64,101

65,101

66,101

67,101

68,101

69,101

70,101

71,101

72,101

73,101

74,101

75,101

76,101

77,101

78,101

79,101

80,101

81,101

82,101

83,101

84,101

85,101

86,101

87,101

88,101

89,101

90,101

91,101

92,101

93,101

94,101

95,101

96,101

97,101

98,101

99,101

100,101

101,101

102,101

103,101

104,101

105,101

106,101

107,101

108,101

109,101

110,101

111,101

112,101

113,101

114,101

115,101

116,101

117,101

118,101

119,101

120,101

121,101

122,101

123,101

124,101

125,101

126,101

127,101

128,101

129,101

130,101

131,101

132,101

133,101

134,101

135,101

136,101

137,101

138,101

139,101

140,101

141,101

142,101

143,101

144,101

145,101

146,101

147,101

148,101

149,101

150,101

151,101

152,101

153,101

154,101

155,101

156,101

157,101

158,101

159,101

160,101

161,101

162,101

163,101

164,101

165,101

166,101

167,101

168,101

169,101

170,101

171,101

172,101

173,101

174,101

175,101

176,101

177,101

178,101

179,101

180,101

181,101

182,101

183,101

184,101

185,101

186,101

187,101

188,101

189,101

190,101

191,101

192,101

193,101

194,101

195,101

196,101

197,101

198,101

199,101

200,101

201,101

202,101

203,101

204,101

205,101

206,101

207,101

208,101

209,101

210,101

211,101

212,101

213,101

214,101

215,101

216,101

217,101

218,101

219,101

220,101

221,101

222,101

223,101

224,101

225,101

226,101

227,101

228,101

229,101

230,101

231,101

232,101

233,101

234,101

235,101

236,101

237,101

238,101

